mode,layer,param_value,param_type,locality,gamma,n,acc_original,acc_lesion,acc_rescue,delta_lesion,delta_rescue,recovery_rate,mcnemar_lesion_p,mcnemar_rescue_p,full_recovery
rescue,25,0.5,beta,answer,1.0,100,0.66,0.46,0.6,-0.2,0.13999999999999996,0.6999999999999997,1.0967254638671875e-05,0.000518798828125,1
rescue,25,1.0,beta,answer,1.0,100,0.59,0.38,0.76,-0.20999999999999996,0.38,1.8095238095238098,9.5367431640625e-07,7.457856554538012e-11,11
rescue,25,2.0,beta,answer,1.0,100,0.63,0.43,0.82,-0.2,0.38999999999999996,1.9499999999999997,1.9073486328125e-06,2.1532287064474076e-10,13
rescue,25,0.5,beta,cot,1.0,100,0.74,0.45,0.65,-0.29,0.2,0.6896551724137931,1.3085082173347473e-07,1.0967254638671875e-05,12
rescue,25,1.0,beta,cot,1.0,100,0.7,0.46,0.72,-0.23999999999999994,0.25999999999999995,1.0833333333333335,8.046627044677734e-07,8.67992639541626e-07,12
rescue,25,2.0,beta,cot,1.0,100,0.64,0.4,0.92,-0.24,0.52,2.166666666666667,1.1920928955078125e-07,4.440892098500626e-16,21
